Icy,Holmes,Prob
0,0,0.9193547034339667
0,1,0.08064529656603336
1,0,0.051282281393701855
1,1,0.9487177186062983
