Icy,Prob
0,0.6138613635918092
1,0.3861386364081908
