Icy,Watson,Prob
0,0,0.8676469506920733
0,1,0.13235304930792666
1,0,0.09090933884282494
1,1,0.9090906611571751
