Icy,Holmes,Prob
0,0,0.8823528287197562
0,1,0.11764717128024373
1,0,0.0303033149676879
1,1,0.9696966850323122
