Icy,Watson,Prob
0,0,0.9032256763788141
0,1,0.09677432362118592
1,0,0.20512835634443263
1,1,0.7948716436555674
