Holmes,Watson,Ambulance,Prob
0,0,0,0.961538284023737
0,0,1,0.038461715976263085
0,1,0,0.22222283950480112
0,1,1,0.777777160495199
1,0,0,0.4000001999996
1,0,1,0.5999998000004
1,1,0,0.2333335111109926
1,1,1,0.7666664888890075
