Holmes,Watson,Ambulance,Prob
0,0,0,0.8461537130178027
0,0,1,0.15384628698219732
0,1,0,0.5714283673475218
0,1,1,0.42857163265247816
1,0,0,0.5833331944446759
1,0,1,0.4166668055553241
1,1,0,0.2333335111109926
1,1,1,0.7666664888890075
