Icy,Prob
0,0.6732672924223183
1,0.3267327075776817
