Table,KL_Divergence
Icy,0.0016485568926834539
Holmes,0.007113510383314835
Watson,0.06034305259327444
Ambulance,0.22379035547069537
