Table,KL_Divergence
Icy,0.016193659609406524
Holmes,0.0023784768532557673
Watson,0.0001400936924349106
Ambulance,0.09384121927374431
