Table,KL_Divergence
Icy,0.003063229134738457
Holmes,0.5553311782383675
Watson,0.03198600665526001
Ambulance,0.04847152311682308
