Icy,Holmes,Prob
0,0,0.8805969013143577
0,1,0.11940309868564217
1,0,2.941174740485447e-07
1,1,0.9999997058825261
