Icy,Watson,Prob
0,0,0.9253730073513411
0,1,0.0746269926486589
1,0,0.11764728373689191
1,1,0.8823527162631081
