Holmes,Watson,Ambulance,Prob
0,0,0,0.8181817024793809
0,0,1,0.18181829752061907
0,1,0,0.5
0,1,1,0.5
1,0,0,0.36363661156979715
1,0,1,0.6363633884302029
1,1,0,0.12903249739838876
1,1,1,0.8709675026016113
