Icy,Prob
0,0.6633663042839001
1,0.33663369571609986
